Team,name
NC,나성범
NC,권희동
NC,모창민
NC,스크럭스
NC,박민우
NC,김태군
NC,손시헌
NC,박석민
NC,이종욱
NC,김성욱
NC,지석훈
NC,이상호
NC,이호준
NC,김준완
NC,박대온
NC,윤병호
NC,조평호
NC,도태훈
NC,조영훈
NC,강진성
NC,이재율
NC,김종민
NC,황윤호
NC,신진호
NC,김태우
NC,노진혁
NC,이원재
NC,김종호
NC,유영준
NC,강구성
kt,박경수
kt,유한준
kt,정현
kt,오태곤
kt,로하스
kt,이대형
kt,장성우
kt,심우준
kt,이진영
kt,이해창
kt,윤석민
kt,박기혁
kt,하준호
kt,김동욱
kt,오정복
kt,전민수
kt,모넬
kt,남태혁
kt,김지열
kt,윤요섭
kt,김진곤
kt,유민상
kt,김연훈
kt,안치영
kt,홍현빈
kt,김만수
kt,이재근
kt,정주후
kt,홍성무
kt,홍성용
LG,박용택
LG,양석환
LG,이형종
LG,오지환
LG,채은성
LG,유강남
LG,손주인
LG,정성훈
LG,강승호
LG,이천웅
LG,안익훈
LG,히메네스
LG,김재율
LG,김용의
LG,최재원
LG,정상호
LG,백진우
LG,문선재
LG,로니
LG,임훈
LG,이병규
LG,조윤준
LG,황목치승
LG,최민창
LG,백승현
LG,서상우
LG,정주현
LG,장준원
LG,윤진호
LG,김주성
두산,김재환
두산,에반스
두산,박건우
두산,민병헌
두산,오재일
두산,최주환
두산,허경민
두산,양의지
두산,오재원
두산,김재호
두산,류지혁
두산,박세혁
두산,정진호
두산,국해성
두산,조수행
두산,김인태
두산,신성현
두산,서예일
두산,김민혁
두산,최재훈
두산,이성곤
두산,박유연
두산,이우성
두산,김강률
두산,이용찬
두산,황경태
두산,김명신
두산,
두산,
두산,
히어로즈,이정후
히어로즈,서건창
히어로즈,김하성
히어로즈,윤석민
히어로즈,김민성
히어로즈,고종욱
히어로즈,채태인
히어로즈,윤석민
히어로즈,박동원
히어로즈,이택근
히어로즈,허정협
히어로즈,장영석
히어로즈,초이스
히어로즈,박정음
히어로즈,김웅빈
히어로즈,주효상
히어로즈,김태완
히어로즈,송성문
히어로즈,김재현
히어로즈,대니돈
히어로즈,임병욱
히어로즈,김지수
히어로즈,김규민
히어로즈,유재신
히어로즈,박윤
히어로즈,김혜성
히어로즈,유재신
히어로즈,채상현
히어로즈,홍성갑
히어로즈,김민준
KIA,최형우
KIA,버나디나
KIA,나지완
KIA,안치홍
KIA,김선빈
KIA,이명기
KIA,김주찬
KIA,이범호
KIA,김민식
KIA,서동욱
KIA,최원준
KIA,김주형
KIA,김호령
KIA,한승택
KIA,신종길
KIA,김지성
KIA,고장혁
KIA,백용환
KIA,노수광
KIA,오준혁
KIA,이홍구
KIA,최정민
KIA,이진영
KIA,이호신
KIA,노관현
KIA,유재신
KIA,이인행
KIA,이정훈
KIA,최병연
KIA,박진태
롯데,손아섭
롯데,이대호
롯데,강민호
롯데,전준우
롯데,번즈
롯데,최준석
롯데,김문호
롯데,신본기
롯데,문규현
롯데,이우민
롯데,김동한
롯데,정훈
롯데,황진수
롯데,박헌도
롯데,나경민
롯데,김상호
롯데,김사훈
롯데,김대륙
롯데,오태곤
롯데,김대우
롯데,김민수
롯데,김주현
롯데,나균안
롯데,노경은
롯데,김재유
롯데,박시영
롯데,강태율
롯데,손승락
롯데,윤길현
롯데,이명우
삼성,구자욱
삼성,박해민
삼성,러프
삼성,이승엽
삼성,이원석
삼성,강한울
삼성,김헌곤
삼성,조동찬
삼성,이지영
삼성,배영섭
삼성,김성훈
삼성,김상수
삼성,박한이
삼성,권정웅
삼성,김정혁
삼성,정병곤
삼성,백상원
삼성,최경철
삼성,나원탁
삼성,최영진
삼성,김민수
삼성,이성규
삼성,최원제
삼성,이현동
삼성,김성윤
삼성,우동균
삼성,나성용
삼성,안주형
삼성,성의준
삼성,이영욱
SK,최정
SK,나주환
SK,김성현
SK,김동엽
SK,로맥
SK,한유섬
SK,노수광
SK,정의윤
SK,이재원
SK,박정권
SK,조용호
SK,정진기
SK,김강민
SK,박승욱
SK,이성우
SK,이대수
SK,최항
SK,이홍구
SK,최승준
SK,워스
SK,최정용
SK,김재현
SK,박성한
SK,전유수
SK,김민식
SK,김주한
SK,허건엽
SK,서진용
SK,
SK,
한화,로사리오
한화,송광민
한화,하주석
한화,정근우
한화,양성우
한화,김태균
한화,장민석
한화,이성열
한화,최재훈
한화,최진행
한화,김원석
한화,오선진
한화,이용규
한화,이동훈
한화,정경운
한화,김경언
한화,차일목
한화,김회성
한화,강경학
한화,정범모
한화,허도환
한화,이양기
한화,임익준
한화,김주현
한화,신성현
한화,최윤석
한화,조인성
한화,김태연
한화,강상원
한화,정현석
